{
    "mAP50": 0.9044788401570661,
    "mAP50-95": 0.6031755814090748,
    "Precision": 0.9398367226761998,
    "Recall": 0.8130148382858882
}